Timestamp,Open,High,Low,Close,Volume
2023-01-01 09:00:00,150.00,152.50,149.50,151.00,10000
2023-01-01 09:01:00,151.00,151.80,150.20,151.50,12000
2023-01-01 09:02:00,151.50,153.00,151.00,152.80,15000
2023-01-01 09:03:00,152.80,152.90,150.50,150.60,13000
2023-01-01 09:04:00,150.60,151.00,149.00,149.50,16000
2023-01-01 09:05:00,149.50,150.00,148.50,149.00,11000
2023-01-01 09:06:00,149.00,149.50,147.50,148.00,14000
2023-01-01 09:07:00,148.00,148.80,147.00,148.50,12500
2023-01-01 09:08:00,148.50,150.50,148.00,150.00,17000
2023-01-01 09:09:00,150.00,151.00,149.50,150.80,13500
2023-01-01 09:10:00,150.80,152.00,150.50,151.80,14500
2023-01-01 09:11:00,151.80,152.50,151.00,151.20,11500
2023-01-01 09:12:00,151.20,151.80,150.00,150.50,12800
2023-01-01 09:13:00,150.50,151.50,150.00,151.00,10500
2023-01-01 09:14:00,151.00,151.20,149.50,149.80,13200
2023-01-01 09:15:00,149.80,150.80,149.00,150.50,14200
2023-01-01 09:16:00,150.50,152.00,150.00,151.90,15200
2023-01-01 09:17:00,151.90,153.50,151.80,153.00,16000
2023-01-01 09:18:00,153.00,153.30,152.00,152.20,12000
2023-01-01 09:19:00,152.20,152.80,151.50,151.80,11000
2023-01-01 09:20:00,151.80,153.00,151.50,152.50,13000
2023-01-01 09:21:00,152.50,152.80,151.00,151.20,10000
2023-01-01 09:22:00,151.20,151.50,150.00,150.30,12500
2023-01-01 09:23:00,150.30,151.00,149.50,150.80,14500
2023-01-01 09:24:00,150.80,151.80,150.20,151.50,11500
2023-01-01 09:25:00,151.50,152.00,150.50,150.70,10800
2023-01-01 09:26:00,150.70,151.50,150.00,151.30,12200
2023-01-01 09:27:00,151.30,152.50,151.00,152.00,13800
2023-01-01 09:28:00,152.00,152.30,151.20,151.50,10300
2023-01-01 09:29:00,151.50,151.80,150.50,150.80,11800
2023-01-01 09:30:00,150.80,152.00,150.50,151.70,14000
2023-01-01 09:31:00,151.70,151.90,150.80,151.00,10000
2023-01-01 09:32:00,151.00,151.30,149.50,149.80,12000
2023-01-01 09:33:00,149.80,150.50,149.00,150.30,13000
2023-01-01 09:34:00,150.30,151.20,150.00,151.00,11000
2023-01-01 09:35:00,151.00,151.50,150.20,150.40,10500
2023-01-01 09:36:00,150.40,150.80,149.80,150.60,12600
2023-01-01 09:37:00,150.60,151.50,150.50,151.20,13500
2023-01-01 09:38:00,151.20,151.30,150.20,150.50,10200
2023-01-01 09:39:00,150.50,150.80,149.50,149.80,11300
2023-01-01 09:40:00,149.80,150.20,148.80,149.00,12800
2023-01-01 09:41:00,149.00,149.50,148.00,148.20,13200
2023-01-01 09:42:00,148.20,148.80,147.50,148.60,11000
2023-01-01 09:43:00,148.60,149.00,147.80,148.00,10500
2023-01-01 09:44:00,148.00,148.50,147.00,147.20,14000
2023-01-01 09:45:00,147.20,147.80,146.50,147.00,15000
2023-01-01 09:46:00,147.00,147.50,146.00,146.50,12000
2023-01-01 09:47:00,146.50,147.00,145.50,146.00,13500
2023-01-01 09:48:00,146.00,146.80,145.00,146.60,16000
2023-01-01 09:49:00,146.60,147.20,146.00,147.00,11500
2023-01-01 09:50:00,147.00,148.00,146.80,147.80,14200
2023-01-01 09:51:00,147.80,148.50,147.20,147.50,10800
2023-01-01 09:52:00,147.50,148.00,146.50,146.80,12800
2023-01-01 09:53:00,146.80,147.50,146.00,147.30,13200
2023-01-01 09:54:00,147.30,147.80,146.20,146.50,11200
2023-01-01 09:55:00,146.50,147.00,145.80,146.90,14200
2023-01-01 09:56:00,146.90,148.00,146.50,147.80,15800
2023-01-01 09:57:00,147.80,149.00,147.50,148.80,17000
2023-01-01 09:58:00,148.80,149.50,148.20,148.50,12500
2023-01-01 09:59:00,148.50,149.00,147.80,148.90,11900
2023-01-02 09:00:00,149.00,150.50,148.80,150.20,14800
2023-01-02 09:01:00,150.20,151.00,149.50,149.80,12300
2023-01-02 09:02:00,149.80,150.50,148.50,148.70,15200
2023-01-02 09:03:00,148.70,149.00,147.00,147.20,13800
2023-01-02 09:04:00,147.20,147.80,146.00,146.50,16200
2023-01-02 09:05:00,146.50,147.00,145.50,145.80,11200
2023-01-02 09:06:00,145.80,146.50,144.50,145.00,14500
2023-01-02 09:07:00,145.00,145.80,144.00,145.50,12900
2023-01-02 09:08:00,145.50,147.50,145.00,147.00,17500
2023-01-02 09:09:00,147.00,148.00,146.50,147.80,13900
2023-01-02 09:10:00,147.80,149.00,147.50,148.80,14900
2023-01-02 09:11:00,148.80,149.50,148.00,148.20,11800
2023-01-02 09:12:00,148.20,148.80,147.00,147.50,12300
2023-01-02 09:13:00,147.50,148.50,147.00,148.00,10800
2023-01-02 09:14:00,148.00,148.20,146.50,146.80,13500
2023-01-02 09:15:00,146.80,147.80,146.00,147.50,14800
2023-01-02 09:16:00,147.50,149.00,147.00,148.90,15800
2023-01-02 09:17:00,148.90,150.50,148.80,150.00,16500
2023-01-02 09:18:00,150.00,150.30,149.00,149.20,12800
2023-01-02 09:19:00,149.20,149.80,148.50,148.80,11500
2023-01-02 09:20:00,148.80,150.00,148.50,149.50,13800
2023-01-02 09:21:00,149.50,149.80,148.00,148.20,10500
2023-01-02 09:22:00,148.20,148.50,147.00,147.30,12900
2023-01-02 09:23:00,147.30,148.00,146.50,147.80,14900
2023-01-02 09:24:00,147.80,148.80,147.20,148.50,11900
2023-01-02 09:25:00,148.50,149.00,147.50,147.70,10300
2023-01-02 09:26:00,147.70,148.50,147.00,148.30,12500
2023-01-02 09:27:00,148.30,149.50,148.00,149.00,13200
2023-01-02 09:28:00,149.00,149.30,148.20,148.50,10900
2023-01-02 09:29:00,148.50,148.80,147.50,147.80,11200
2023-01-02 09:30:00,147.80,149.00,147.50,148.70,14500
2023-01-02 09:31:00,148.70,148.90,147.80,148.00,10800
2023-01-02 09:32:00,148.00,148.30,146.50,146.80,12500
2023-01-02 09:33:00,146.80,147.50,146.00,147.30,13500
2023-01-02 09:34:00,147.30,148.20,147.00,148.00,11800
2023-01-02 09:35:00,148.00,148.50,147.20,147.40,10900
2023-01-02 09:36:00,147.40,147.80,146.80,147.60,12200
2023-01-02 09:37:00,147.60,148.50,147.50,148.20,13800
2023-01-02 09:38:00,148.20,148.30,147.20,147.50,10500
2023-01-02 09:39:00,147.50,147.80,146.50,146.80,11900
2023-01-03 09:00:00,160.00,162.50,159.50,161.00,20000
2023-01-03 09:01:00,161.00,161.80,160.20,161.50,22000
2023-01-03 09:02:00,161.50,163.00,161.00,162.80,25000
2023-01-03 09:03:00,162.80,162.90,160.50,160.60,23000
2023-01-03 09:04:00,160.60,161.00,159.00,159.50,26000
2023-01-03 09:05:00,159.50,160.00,158.50,159.00,21000
2023-01-03 09:06:00,159.00,159.50,157.50,158.00,24000
2023-01-03 09:07:00,158.00,158.80,157.00,158.50,22500
2023-01-03 09:08:00,158.50,160.50,158.00,160.00,27000
2023-01-03 09:09:00,160.00,161.00,159.50,160.80,23500
2023-01-03 09:10:00,160.80,162.00,160.50,161.80,24500
2023-01-03 09:11:00,161.80,162.50,161.00,161.20,21500
2023-01-03 09:12:00,161.20,161.80,160.00,160.50,22800
2023-01-03 09:13:00,160.50,161.50,160.00,161.00,20500
2023-01-03 09:14:00,161.00,161.20,159.50,159.80,23200
2023-01-03 09:15:00,159.80,160.80,159.00,160.50,24200
2023-01-03 09:16:00,160.50,162.00,160.00,161.90,25200
2023-01-03 09:17:00,161.90,163.50,161.80,163.00,26000
2023-01-03 09:18:00,163.00,163.30,162.00,162.20,22000
2023-01-03 09:19:00,162.20,162.80,161.50,161.80,21000
2023-01-03 09:20:00,161.80,163.00,161.50,162.50,23000
2023-01-03 09:21:00,162.50,162.80,161.00,161.20,20000
2023-01-03 09:22:00,161.20,161.50,160.00,160.30,22500
2023-01-03 09:23:00,160.30,161.00,159.50,160.80,24500
2023-01-03 09:24:00,160.80,161.80,160.20,161.50,21500
2023-01-03 09:25:00,161.50,162.00,160.50,160.70,20800
2023-01-03 09:26:00,160.70,161.50,160.00,161.30,22200
2023-01-03 09:27:00,161.30,162.50,161.00,162.00,23800
2023-01-03 09:28:00,162.00,162.30,161.20,161.50,20300
2023-01-03 09:29:00,161.50,161.80,160.50,160.80,21800
2023-01-03 09:30:00,170.80,172.00,170.50,171.70,34000
2023-01-03 09:31:00,171.70,171.90,170.80,171.00,30000
2023-01-03 09:32:00,171.00,171.30,169.50,169.80,32000
2023-01-03 09:33:00,169.80,170.50,169.00,170.30,33000
2023-01-03 09:34:00,170.30,171.20,170.00,171.00,31000
2023-01-03 09:35:00,171.00,171.50,170.20,170.40,30500
2023-01-03 09:36:00,170.40,170.80,169.80,170.60,32600
2023-01-03 09:37:00,170.60,171.50,170.50,171.20,33500
2023-01-03 09:38:00,171.20,171.30,170.20,170.50,30200
2023-01-03 09:39:00,170.50,170.80,169.50,169.80,31300
2023-01-04 09:00:00,169.80,170.20,168.80,169.00,22800
2023-01-04 09:01:00,169.00,169.50,168.00,168.20,23200
2023-01-04 09:02:00,168.20,168.80,167.50,168.60,21000
2023-01-04 09:03:00,168.60,169.00,167.80,168.00,20500
2023-01-04 09:04:00,168.00,168.50,167.00,167.20,24000
2023-01-04 09:05:00,167.20,167.80,166.50,167.00,25000
2023-01-04 09:06:00,167.00,167.50,166.00,166.50,22000
2023-01-04 09:07:00,166.50,167.00,165.50,166.00,23500
2023-01-04 09:08:00,166.00,166.80,165.00,166.60,26000
2023-01-04 09:09:00,166.60,167.20,166.00,167.00,21500
2023-01-04 09:10:00,180.00,182.00,179.50,181.80,34500
2023-01-04 09:11:00,181.80,182.50,181.00,181.20,31500
2023-01-04 09:12:00,181.20,181.80,180.00,180.50,32800
2023-01-04 09:13:00,180.50,181.50,180.00,181.00,30500
2023-01-04 09:14:00,181.00,181.20,179.50,179.80,33200
2023-01-04 09:15:00,179.80,180.80,179.00,180.50,34200
2023-01-04 09:16:00,180.50,182.00,180.00,181.90,35200
2023-01-04 09:17:00,181.90,183.50,181.80,183.00,36000
2023-01-04 09:18:00,183.00,183.30,182.00,182.20,32000
2023-01-04 09:19:00,182.20,182.80,181.50,181.80,31000
2023-01-04 09:20:00,181.80,183.00,181.50,182.50,33000
2023-01-04 09:21:00,182.50,182.80,181.00,181.20,30000
2023-01-04 09:22:00,181.20,181.50,180.00,180.30,32500
2023-01-04 09:23:00,180.30,181.00,179.50,180.80,34500
2023-01-04 09:24:00,180.80,181.80,180.20,181.50,31500
2023-01-04 09:25:00,181.50,182.00,180.50,180.70,30800
2023-01-04 09:26:00,180.70,181.50,180.00,181.30,32200
2023-01-04 09:27:00,181.30,182.50,181.00,182.00,33800
2023-01-04 09:28:00,182.00,182.30,181.20,181.50,30300
2023-01-04 09:29:00,181.50,181.80,180.50,180.80,31800
2023-01-04 09:30:00,180.80,182.00,180.50,181.70,34000
2023-01-05 09:00:00,181.70,181.90,180.80,181.00,20000
2023-01-05 09:01:00,181.00,181.30,179.50,179.80,22000
2023-01-05 09:02:00,179.80,180.50,179.00,180.30,25000
2023-01-05 09:03:00,180.30,181.20,180.00,181.00,23000
2023-01-05 09:04:00,181.00,181.50,180.20,180.40,26000
2023-01-05 09:05:00,180.40,180.80,179.80,180.60,21000
2023-01-05 09:06:00,180.60,181.50,180.50,181.20,24000
2023-01-05 09:07:00,181.20,181.30,180.20,180.50,22500
2023-01-05 09:08:00,180.50,180.80,179.50,179.80,27000
2023-01-05 09:09:00,179.80,180.20,178.80,179.00,23500
2023-01-05 09:10:00,179.00,179.50,178.00,178.20,24500
2023-01-05 09:11:00,178.20,178.80,177.50,178.60,21500
2023-01-05 09:12:00,178.60,179.00,177.80,178.00,22800
2023-01-05 09:13:00,178.00,178.50,177.00,177.20,20500
2023-01-05 09:14:00,177.20,177.80,176.50,177.00,23200
2023-01-05 09:15:00,177.00,177.50,176.00,176.50,24200
2023-01-05 09:16:00,176.50,177.00,175.50,176.00,25200
2023-01-05 09:17:00,176.00,176.80,175.00,176.60,26000
2023-01-05 09:18:00,176.60,177.20,176.00,177.00,22000
2023-01-05 09:19:00,177.00,178.00,176.80,177.80,21000
2023-01-05 09:20:00,177.80,178.50,177.20,177.50,23000
2023-01-05 09:21:00,177.50,178.00,176.50,176.80,20000
2023-01-05 09:22:00,176.80,177.50,176.00,177.30,22500
2023-01-05 09:23:00,177.30,177.80,176.20,176.50,24500
2023-01-05 09:24:00,176.50,177.00,175.80,176.90,21500
2023-01-05 09:25:00,176.90,178.00,176.50,177.80,20800
2023-01-05 09:26:00,177.80,179.00,177.50,178.80,22200
2023-01-05 09:27:00,178.80,180.00,178.50,179.80,23800
2023-01-05 09:28:00,179.80,180.50,179.20,179.50,20300
2023-01-05 09:29:00,179.50,180.00,178.80,179.90,21800
2023-01-05 09:30:00,179.90,181.00,179.50,180.70,24000
2023-01-05 09:31:00,180.70,180.90,179.80,180.00,20000
2023-01-05 09:32:00,180.00,180.30,178.50,178.80,22000
2023-01-05 09:33:00,178.80,179.50,178.00,179.30,23000
2023-01-05 09:34:00,179.30,180.20,179.00,180.00,21000
2023-01-05 09:35:00,180.00,180.50,179.20,179.40,20500
2023-01-05 09:36:00,179.40,179.80,178.80,179.60,22600
2023-01-05 09:37:00,179.60,180.50,179.50,180.20,23500
2023-01-05 09:38:00,180.20,180.30,179.20,179.50,20200
2023-01-05 09:39:00,179.50,179.80,178.50,179.80,21300
2023-01-06 09:00:00,179.80,180.20,178.80,179.00,22800
2023-01-06 09:01:00,179.00,179.50,178.00,178.20,23200
2023-01-06 09:02:00,178.20,178.80,177.50,177.60,21000
2023-01-06 09:03:00,177.60,178.00,176.80,177.00,20500
2023-01-06 09:04:00,177.00,177.50,176.00,176.20,24000
2023-01-06 09:05:00,176.20,176.80,175.50,176.00,25000
2023-01-06 09:06:00,176.00,176.50,175.00,175.50,22000
2023-01-06 09:07:00,175.50,176.00,174.50,175.00,23500
2023-01-06 09:08:00,175.00,175.80,174.00,175.60,26000
2023-01-06 09:09:00,175.60,176.20,175.00,176.00,21500
2023-01-06 09:10:00,176.00,177.00,175.80,176.80,24500
2023-01-06 09:11:00,176.80,177.50,176.00,176.20,21500
2023-01-06 09:12:00,176.20,176.80,175.00,175.50,22800
2023-01-06 09:13:00,175.50,176.50,175.00,176.00,20500
2023-01-06 09:14:00,176.00,176.20,174.50,174.80,23200
2023-01-06 09:15:00,174.80,175.80,174.00,175.50,24200
2023-01-06 09:16:00,175.50,177.00,175.00,176.90,25200
2023-01-06 09:17:00,176.90,178.50,176.80,178.00,26000
2023-01-06 09:18:00,178.00,178.30,177.00,177.20,22000
2023-01-06 09:19:00,177.20,177.80,176.50,176.80,21000
2023-01-06 09:20:00,176.80,178.00,176.50,177.50,23000
2023-01-06 09:21:00,177.50,177.80,176.00,176.20,20000
2023-01-06 09:22:00,176.20,176.50,175.00,175.30,22500
2023-01-06 09:23:00,175.30,176.00,174.50,175.80,24500
2023-01-06 09:24:00,175.80,176.80,175.20,176.50,21500
2023-01-06 09:25:00,176.50,177.00,175.50,175.70,20800
2023-01-06 09:26:00,175.70,176.50,175.00,176.30,22200
2023-01-06 09:27:00,176.30,177.50,176.00,177.00,23800
2023-01-06 09:28:00,177.00,177.30,176.20,176.50,20300
2023-01-06 09:29:00,176.50,176.80,175.50,175.80,21800
2023-01-06 09:30:00,175.80,177.00,175.50,176.70,24000
2023-01-06 09:31:00,176.70,176.90,175.80,176.00,20000
2023-01-06 09:32:00,176.00,176.30,174.50,174.80,22000
2023-01-06 09:33:00,174.80,175.50,174.00,175.30,23000
2023-01-06 09:34:00,175.30,176.20,175.00,176.00,21000
2023-01-06 09:35:00,176.00,176.50,175.20,175.40,20500
2023-01-06 09:36:00,175.40,175.80,174.80,175.60,22600
2023-01-06 09:37:00,175.60,176.50,175.50,176.20,23500
2023-01-06 09:38:00,176.20,176.30,175.20,175.50,20200
2023-01-06 09:39:00,175.50,175.80,174.50,174.80,21300
2023-01-07 09:00:00,174.80,175.20,173.80,174.00,22800
2023-01-07 09:01:00,174.00,174.50,173.00,173.20,23200
2023-01-07 09:02:00,173.20,173.80,172.50,173.60,21000
2023-01-07 09:03:00,173.60,174.00,172.80,173.00,20500
2023-01-07 09:04:00,173.00,173.50,172.00,172.20,24000
2023-01-07 09:05:00,172.20,172.80,171.50,172.00,25000
2023-01-07 09:06:00,172.00,172.50,171.00,171.50,22000
2023-01-07 09:07:00,171.50,172.00,170.50,171.00,23500
2023-01-07 09:08:00,171.00,171.80,170.00,171.60,26000
2023-01-07 09:09:00,171.60,172.20,171.00,172.00,21500
2023-01-07 09:10:00,172.00,173.00,171.80,172.80,24500
2023-01-07 09:11:00,172.80,173.50,172.00,172.20,21500
2023-01-07 09:12:00,172.20,172.80,171.00,171.50,22800
2023-01-07 09:13:00,171.50,172.50,171.00,172.00,20500
2023-01-07 09:14:00,172.00,172.20,170.50,170.80,23200
2023-01-07 09:15:00,170.80,171.80,170.00,171.50,24200
2023-01-07 09:16:00,171.50,173.00,171.00,172.90,25200
2023-01-07 09:17:00,172.90,174.50,172.80,174.00,26000
2023-01-07 09:18:00,174.00,174.30,173.00,173.20,22000
2023-01-07 09:19:00,173.20,173.80,172.50,172.80,21000
2023-01-07 09:20:00,172.80,174.00,172.50,173.50,23000
2023-01-07 09:21:00,173.50,173.80,172.00,172.20,20000
2023-01-07 09:22:00,172.20,172.50,171.00,171.30,22500
2023-01-07 09:23:00,171.30,172.00,170.50,171.80,24500
2023-01-07 09:24:00,171.80,172.80,171.20,172.50,21500
2023-01-07 09:25:00,172.50,173.00,171.50,171.70,20800
2023-01-07 09:26:00,171.70,172.50,171.00,172.30,22200
2023-01-07 09:27:00,172.30,173.50,172.00,173.00,23800
2023-01-07 09:28:00,173.00,173.30,172.20,172.50,20300
2023-01-07 09:29:00,172.50,172.80,171.50,171.80,21800
2023-01-07 09:30:00,171.80,173.00,171.50,172.70,24000
2023-01-07 09:31:00,172.70,172.90,171.80,172.00,20000
2023-01-07 09:32:00,172.00,172.30,170.50,170.80,22000
2023-01-07 09:33:00,170.80,171.50,170.00,171.30,23000
2023-01-07 09:34:00,171.30,172.20,171.00,172.00,21000
2023-01-07 09:35:00,172.00,172.50,171.20,171.40,20500
2023-01-07 09:36:00,171.40,171.80,170.80,171.60,22600
2023-01-07 09:37:00,171.60,172.50,171.50,172.20,23500
2023-01-07 09:38:00,172.20,172.30,171.20,171.50,20200
2023-01-07 09:39:00,171.50,171.80,170.50,170.80,21300
2023-01-08 09:00:00,170.80,171.20,169.80,170.00,22800
2023-01-08 09:01:00,170.00,170.50,169.00,169.20,23200
2023-01-08 09:02:00,169.20,169.80,168.50,169.60,21000
2023-01-08 09:03:00,169.60,170.00,168.80,169.00,20500
2023-01-08 09:04:00,169.00,169.50,168.00,168.20,24000
2023-01-08 09:05:00,168.20,168.80,167.50,168.00,25000
2023-01-08 09:06:00,168.00,168.50,167.00,167.50,22000
2023-01-08 09:07:00,167.50,168.00,166.50,167.00,23500
2023-01-08 09:08:00,167.00,167.80,166.00,167.60,26000
2023-01-08 09:09:00,167.60,168.20,167.00,168.00,21500
2023-01-08 09:10:00,168.00,169.00,167.80,168.80,24500
2023-01-08 09:11:00,168.80,169.50,168.00,168.20,21500
2023-01-08 09:12:00,168.20,168.80,167.00,167.50,22800
2023-01-08 09:13:00,167.50,168.50,167.00,168.00,20500
2023-01-08 09:14:00,168.00,168.20,166.50,166.80,23200
2023-01-08 09:15:00,166.80,167.80,166.00,167.50,24200
2023-01-08 09:16:00,167.50,169.00,167.00,168.90,25200
2023-01-08 09:17:00,168.90,170.50,168.80,170.00,26000
2023-01-08 09:18:00,170.00,170.30,169.00,169.20,22000
2023-01-08 09:19:00,169.20,169.80,168.50,168.80,21000
2023-01-08 09:20:00,168.80,170.00,168.50,169.50,23000
2023-01-08 09:21:00,169.50,169.80,168.00,168.20,20000
2023-01-08 09:22:00,168.20,168.50,167.00,167.30,22500
2023-01-08 09:23:00,167.30,168.00,166.50,167.80,24500
2023-01-08 09:24:00,167.80,168.80,167.20,168.50,21500
2023-01-08 09:25:00,168.50,169.00,167.50,167.70,20800
2023-01-08 09:26:00,167.70,168.50,167.00,168.30,22200
2023-01-08 09:27:00,168.30,169.50,168.00,169.00,23800
2023-01-08 09:28:00,169.00,169.30,168.20,168.50,20300
2023-01-08 09:29:00,168.50,168.80,167.50,167.80,21800
2023-01-08 09:30:00,167.80,169.00,167.50,168.70,24000
2023-01-08 09:31:00,168.70,168.90,167.80,168.00,20000
2023-01-08 09:32:00,168.00,168.30,166.50,166.80,22000
2023-01-08 09:33:00,166.80,167.50,166.00,167.30,23000
2023-01-08 09:34:00,167.30,168.20,167.00,168.00,21000
2023-01-08 09:35:00,168.00,168.50,167.20,167.40,20500
2023-01-08 09:36:00,167.40,167.80,166.80,167.60,22600
2023-01-08 09:37:00,167.60,168.50,167.50,168.20,23500
2023-01-08 09:38:00,168.20,168.30,167.20,167.50,20200
2023-01-08 09:39:00,167.50,167.80,166.50,166.80,21300
2023-01-09 09:00:00,180.00,182.50,179.50,181.00,30000
2023-01-09 09:01:00,181.00,181.80,180.20,181.50,32000
2023-01-09 09:02:00,181.50,183.00,181.00,182.80,35000
2023-01-09 09:03:00,182.80,182.90,180.50,180.60,33000
2023-01-09 09:04:00,180.60,181.00,179.00,179.50,36000
2023-01-09 09:05:00,179.50,180.00,178.50,179.00,31000
2023-01-09 09:06:00,179.00,179.50,177.50,178.00,34000
2023-01-09 09:07:00,178.00,178.80,177.00,178.50,32500
2023-01-09 09:08:00,178.50,180.50,178.00,180.00,37000
2023-01-09 09:09:00,180.00,181.00,179.50,180.80,33500
2023-01-09 09:10:00,180.80,182.00,180.50,181.80,34500
2023-01-09 09:11:00,181.80,182.50,181.00,181.20,31500
2023-01-09 09:12:00,181.20,181.80,180.00,180.50,32800
2023-01-09 09:13:00,180.50,181.50,180.00,181.00,30500
2023-01-09 09:14:00,181.00,181.20,179.50,179.80,33200
2023-01-09 09:15:00,179.80,180.80,179.00,180.50,34200
2023-01-09 09:16:00,180.50,182.00,180.00,181.90,35200
2023-01-09 09:17:00,181.90,183.50,181.80,183.00,36000
2023-01-09 09:18:00,183.00,183.30,182.00,182.20,32000
2023-01-09 09:19:00,182.20,182.80,181.50,181.80,31000
2023-01-09 09:20:00,181.80,183.00,181.50,182.50,33000
2023-01-09 09:21:00,182.50,182.80,181.00,181.20,30000
2023-01-09 09:22:00,181.20,181.50,180.00,180.30,32500
2023-01-09 09:23:00,180.30,181.00,179.50,180.80,34500
2023-01-09 09:24:00,180.80,181.80,180.20,181.50,31500
2023-01-09 09:25:00,181.50,182.00,180.50,180.70,30800
2023-01-09 09:26:00,180.70,181.50,180.00,181.30,32200
2023-01-09 09:27:00,181.30,182.50,181.00,182.00,33800
2023-01-09 09:28:00,182.00,182.30,181.20,181.50,30300
2023-01-09 09:29:00,181.50,181.80,180.50,180.80,31800
2023-01-09 09:30:00,180.80,182.00,180.50,181.70,34000
2023-01-09 09:31:00,181.70,181.90,180.80,181.00,30000
2023-01-09 09:32:00,181.00,181.30,179.50,179.80,32000
2023-01-09 09:33:00,179.80,180.50,179.00,180.30,33000
2023-01-09 09:34:00,180.30,181.20,180.00,181.00,31000
2023-01-09 09:35:00,181.00,181.50,180.20,180.40,30500
2023-01-09 09:36:00,180.40,180.80,179.80,180.60,32600
2023-01-09 09:37:00,180.60,181.50,180.50,181.20,33500
2023-01-09 09:38:00,181.20,181.30,180.20,180.50,30200
2023-01-09 09:39:00,180.50,180.80,179.50,179.80,31300
2023-01-10 09:00:00,179.80,180.20,178.80,179.00,22800
2023-01-10 09:01:00,179.00,179.50,178.00,178.20,23200
2023-01-10 09:02:00,178.20,178.80,177.50,177.60,21000
2023-01-10 09:03:00,177.60,178.00,176.80,177.00,20500
2023-01-10 09:04:00,177.00,177.50,176.00,176.20,24000
2023-01-10 09:05:00,176.20,176.80,175.50,176.00,25000
2023-01-10 09:06:00,176.00,176.50,175.00,175.50,22000
2023-01-10 09:07:00,175.50,176.00,174.50,175.00,23500
2023-01-10 09:08:00,175.00,175.80,174.00,175.60,26000
2023-01-10 09:09:00,175.60,176.20,175.00,176.00,21500
2023-01-10 09:10:00,176.00,177.00,175.80,176.80,24500
2023-01-10 09:11:00,176.80,177.50,176.00,176.20,21500
2023-01-10 09:12:00,176.20,176.80,175.00,175.50,22800
2023-01-10 09:13:00,175.50,176.50,175.00,176.00,20500
2023-01-10 09:14:00,176.00,176.20,174.50,174.80,23200
2023-01-10 09:15:00,174.80,175.80,174.00,175.50,24200
2023-01-10 09:16:00,175.50,177.00,175.00,176.90,25200
2023-01-10 09:17:00,176.90,178.50,176.80,178.00,26000
2023-01-10 09:18:00,178.00,178.30,177.00,177.20,22000
2023-01-10 09:19:00,177.20,177.80,176.50,176.80,21000
2023-01-10 09:20:00,176.80,178.00,176.50,177.50,23000
2023-01-10 09:21:00,177.50,177.80,176.00,176.20,20000
2023-01-10 09:22:00,176.20,176.50,175.00,175.30,22500
2023-01-10 09:23:00,175.30,176.00,174.50,175.80,24500
2023-01-10 09:24:00,175.80,176.80,175.20,176.50,21500
2023-01-10 09:25:00,176.50,177.00,175.50,175.70,20800
2023-01-10 09:26:00,175.70,176.50,175.00,176.30,22200
2023-01-10 09:27:00,176.30,177.50,176.00,177.00,23800
2023-01-10 09:28:00,177.00,177.30,176.20,176.50,20300
2023-01-10 09:29:00,176.50,176.80,175.50,175.80,21800
2023-01-10 09:30:00,175.80,177.00,175.50,176.70,24000
2023-01-10 09:31:00,176.70,176.90,175.80,176.00,20000
2023-01-10 09:32:00,176.00,176.30,174.50,174.80,22000
2023-01-10 09:33:00,174.80,175.50,174.00,175.30,23000
2023-01-10 09:34:00,175.30,176.20,175.00,176.00,21000
2023-01-10 09:35:00,176.00,176.50,175.20,175.40,20500
2023-01-10 09:36:00,175.40,175.80,174.80,175.60,22600
2023-01-10 09:37:00,175.60,176.50,175.50,176.20,23500
2023-01-10 09:38:00,176.20,176.30,175.20,175.50,20200
2023-01-10 09:39:00,175.50,175.80,174.50,174.80,21300
2023-01-11 09:00:00,190.00,192.50,189.50,191.00,40000
2023-01-11 09:01:00,191.00,191.80,190.20,191.50,42000
2023-01-11 09:02:00,191.50,193.00,191.00,192.80,45000
2023-01-11 09:03:00,192.80,192.90,190.50,190.60,43000
2023-01-11 09:04:00,190.60,191.00,189.00,189.50,46000
2023-01-11 09:05:00,189.50,190.00,188.50,189.00,41000
2023-01-11 09:06:00,189.00,189.50,187.50,188.00,44000
2023-01-11 09:07:00,188.00,188.80,187.00,188.50,42500
2023-01-11 09:08:00,188.50,190.50,188.00,190.00,47000
2023-01-11 09:09:00,190.00,191.00,189.50,190.80,43500
2023-01-11 09:10:00,190.80,192.00,190.50,191.80,44500
2023-01-11 09:11:00,191.80,192.50,191.00,191.20,41500
2023-01-11 09:12:00,191.20,191.80,190.00,190.50,42800
2023-01-11 09:13:00,190.50,191.50,190.00,191.00,40500
2023-01-11 09:14:00,191.00,191.20,189.50,189.80,43200
2023-01-11 09:15:00,189.80,190.80,189.00,190.50,44200
2023-01-11 09:16:00,190.50,192.00,190.00,191.90,45200
2023-01-11 09:17:00,191.90,193.50,191.80,193.00,46000
2023-01-11 09:18:00,193.00,193.30,192.00,192.20,42000
2023-01-11 09:19:00,192.20,192.80,191.50,191.80,41000
2023-01-11 09:20:00,191.80,193.00,191.50,192.50,43000
2023-01-11 09:21:00,192.50,192.80,191.00,191.20,40000
2023-01-11 09:22:00,191.20,191.50,190.00,190.30,42500
2023-01-11 09:23:00,190.30,191.00,189.50,190.80,44500
2023-01-11 09:24:00,190.80,191.80,190.20,191.50,41500
2023-01-11 09:25:00,191.50,192.00,190.50,190.70,40800
2023-01-11 09:26:00,190.70,191.50,190.00,191.30,42200
2023-01-11 09:27:00,191.30,192.50,191.00,192.00,43800
2023-01-11 09:28:00,192.00,192.30,191.20,191.50,40300
2023-01-11 09:29:00,191.50,191.80,190.50,190.80,41800
2023-01-11 09:30:00,190.80,192.00,190.50,191.70,44000
2023-01-11 09:31:00,191.70,191.90,190.80,191.00,40000
2023-01-11 09:32:00,191.00,191.30,189.50,189.80,42000
2023-01-11 09:33:00,189.80,190.50,189.00,190.30,43000
2023-01-11 09:34:00,190.30,191.20,190.00,191.00,41000
2023-01-11 09:35:00,191.00,191.50,190.20,190.40,40500
2023-01-11 09:36:00,190.40,190.80,189.80,190.60,42600
2023-01-11 09:37:00,190.60,191.50,190.50,191.20,43500
2023-01-11 09:38:00,191.20,191.30,190.20,190.50,40200
2023-01-11 09:39:00,190.50,190.80,189.50,189.80,41300
2023-01-12 09:00:00,189.80,190.20,188.80,189.00,32800
2023-01-12 09:01:00,189.00,189.50,188.00,188.20,33200
2023-01-12 09:02:00,188.20,188.80,187.50,188.60,31000
2023-01-12 09:03:00,188.60,189.00,187.80,188.00,30500
2023-01-12 09:04:00,188.00,188.50,187.00,187.20,34000
2023-01-12 09:05:00,187.20,187.80,186.50,187.00,35000
2023-01-12 09:06:00,187.00,187.50,186.00,186.50,32000
2023-01-12 09:07:00,186.50,187.00,185.50,186.00,33500
2023-01-12 09:08:00,186.00,186.80,185.00,186.60,36000
2023-01-12 09:09:00,186.60,187.20,186.00,187.00,31500
2023-01-12 09:10:00,187.00,188.00,186.80,187.80,34500
2023-01-12 09:11:00,187.80,188.50,187.00,187.20,31500
2023-01-12 09:12:00,187.20,187.80,186.00,186.50,32800
2023-01-12 09:13:00,186.50,187.50,186.00,187.00,30500
2023-01-12 09:14:00,187.00,187.20,185.50,185.80,33200
2023-01-12 09:15:00,185.80,186.80,185.00,186.50,34200
2023-01-12 09:16:00,186.50,188.00,186.00,187.90,35200
2023-01-12 09:17:00,187.90,189.50,187.80,189.00,36000
2023-01-12 09:18:00,189.00,189.30,188.00,188.20,32000
2023-01-12 09:19:00,188.20,188.80,187.50,187.80,31000
2023-01-12 09:20:00,187.80,189.00,187.50,188.50,33000
2023-01-12 09:21:00,188.50,188.80,187.00,187.20,30000
2023-01-12 09:22:00,187.20,187.50,186.00,186.30,32500
2023-01-12 09:23:00,186.30,187.00,185.50,186.80,34500
2023-01-12 09:24:00,186.80,187.80,186.20,187.50,31500
2023-01-12 09:25:00,187.50,188.00,186.50,186.70,30800
2023-01-12 09:26:00,186.70,187.50,186.00,187.30,32200
2023-01-12 09:27:00,187.30,188.50,187.00,188.00,33800
2023-01-12 09:28:00,188.00,188.30,187.20,187.50,30300
2023-01-12 09:29:00,187.50,187.80,186.50,186.80,31800
2023-01-12 09:30:00,186.80,188.00,186.50,187.70,34000
2023-01-12 09:31:00,187.70,187.90,186.80,187.00,30000
2023-01-12 09:32:00,187.00,187.30,185.50,185.80,32000
2023-01-12 09:33:00,185.80,186.50,185.00,186.30,33000
2023-01-12 09:34:00,186.30,187.20,186.00,187.00,31000
2023-01-12 09:35:00,187.00,187.50,186.20,186.40,30500
2023-01-12 09:36:00,186.40,186.80,185.80,186.60,32600
2023-01-12 09:37:00,186.60,187.50,186.50,187.20,33500
2023-01-12 09:38:00,187.20,187.30,186.20,186.50,30200
2023-01-12 09:39:00,186.50,186.80,185.50,185.80,31300
2023-01-13 09:00:00,185.80,186.20,184.80,185.00,22800
2023-01-13 09:01:00,185.00,185.50,184.00,184.20,23200
2023-01-13 09:02:00,184.20,184.80,183.50,184.60,21000
2023-01-13 09:03:00,184.60,185.00,183.80,184.00,20500
2023-01-13 09:04:00,184.00,184.50,183.00,183.20,24000
2023-01-13 09:05:00,183.20,183.80,182.50,183.00,25000
2023-01-13 09:06:00,183.00,183.50,182.00,182.50,22000
2023-01-13 09:07:00,182.50,183.00,181.50,182.00,23500
2023-01-13 09:08:00,182.00,182.80,181.00,182.60,26000
2023-01-13 09:09:00,182.60,183.20,182.00,183.00,21500
2023-01-13 09:10:00,183.00,184.00,182.80,183.80,24500
2023-01-13 09:11:00,183.80,184.50,183.00,183.20,21500
2023-01-13 09:12:00,183.20,183.80,182.00,182.50,22800
2023-01-13 09:13:00,182.50,183.50,182.00,183.00,20500
2023-01-13 09:14:00,183.00,183.20,181.50,181.80,23200
2023-01-13 09:15:00,181.80,182.80,181.00,182.50,24200
2023-01-13 09:16:00,182.50,184.00,182.00,183.90,25200
2023-01-13 09:17:00,183.90,185.50,183.80,185.00,26000
2023-01-13 09:18:00,185.00,185.30,184.00,184.20,22000
2023-01-13 09:19:00,184.20,184.80,183.50,183.80,21000
2023-01-13 09:20:00,183.80,185.00,183.50,184.50,23000
2023-01-13 09:21:00,184.50,184.80,183.00,183.20,20000
2023-01-13 09:22:00,183.20,183.50,182.00,182.30,22500
2023-01-13 09:23:00,182.30,183.00,181.50,182.80,24500
2023-01-13 09:24:00,182.80,183.80,182.20,183.50,21500
2023-01-13 09:25:00,183.50,184.00,182.50,182.70,20800
2023-01-13 09:26:00,182.70,183.50,182.00,183.30,22200
2023-01-13 09:27:00,183.30,184.50,183.00,184.00,23800
2023-01-13 09:28:00,184.00,184.30,183.20,183.50,20300
2023-01-13 09:29:00,183.50,183.80,182.50,182.80,21800
2023-01-13 09:30:00,182.80,184.00,182.50,183.70,24000
2023-01-13 09:31:00,183.70,183.90,182.80,183.00,20000
2023-01-13 09:32:00,183.00,183.30,181.50,181.80,22000
2023-01-13 09:33:00,181.80,182.50,181.00,182.30,23000
2023-01-13 09:34:00,182.30,183.20,182.00,183.00,21000
2023-01-13 09:35:00,183.00,183.50,182.20,182.40,20500
2023-01-13 09:36:00,182.40,182.80,181.80,182.60,22600
2023-01-13 09:37:00,182.60,183.50,182.50,183.20,23500
2023-01-13 09:38:00,183.20,183.30,182.20,182.50,20200
2023-01-13 09:39:00,182.50,182.80,181.50,181.80,21300
2023-01-14 09:00:00,181.80,182.20,180.80,181.00,22800
2023-01-14 09:01:00,181.00,181.50,180.00,180.20,23200
2023-01-14 09:02:00,180.20,180.80,179.50,180.60,21000
2023-01-14 09:03:00,180.60,181.00,179.80,180.00,20500
2023-01-14 09:04:00,180.00,180.50,179.00,179.20,24000
2023-01-14 09:05:00,179.20,179.80,178.50,179.00,25000
2023-01-14 09:06:00,179.00,179.50,178.00,178.50,22000
2023-01-14 09:07:00,178.50,179.00,177.50,178.00,23500
2023-01-14 09:08:00,178.00,178.80,177.00,178.60,26000
2023-01-14 09:09:00,178.60,179.20,178.00,179.00,21500
2023-01-14 09:10:00,179.00,180.00,178.80,179.80,24500
2023-01-14 09:11:00,179.80,180.50,179.00,179.20,21500
2023-01-14 09:12:00,179.20,179.80,178.00,178.50,22800
2023-01-14 09:13:00,178.50,179.50,178.00,179.00,20500
2023-01-14 09:14:00,179.00,179.20,177.50,177.80,23200
2023-01-14 09:15:00,177.80,178.80,177.00,178.50,24200
2023-01-14 09:16:00,178.50,180.00,178.00,179.90,25200
2023-01-14 09:17:00,179.90,181.50,179.80,181.00,26000
2023-01-14 09:18:00,181.00,181.30,180.00,180.20,22000
2023-01-14 09:19:00,180.20,180.80,179.50,179.80,21000
2023-01-14 09:20:00,179.80,181.00,179.50,180.50,23000
2023-01-14 09:21:00,180.50,180.80,179.00,179.20,20000
2023-01-14 09:22:00,179.20,179.50,178.00,178.30,22500
2023-01-14 09:23:00,178.30,179.00,177.50,178.80,24500
2023-01-14 09:24:00,178.80,179.80,178.20,179.50,21500
2023-01-14 09:25:00,179.50,180.00,178.50,178.70,20800
2023-01-14 09:26:00,178.70,179.50,178.00,179.30,22200
2023-01-14 09:27:00,179.30,180.50,179.00,180.00,23800
2023-01-14 09:28:00,180.00,180.30,179.20,179.50,20300
2023-01-14 09:29:00,179.50,179.80,178.50,178.80,21800
2023-01-14 09:30:00,178.80,180.00,178.50,179.70,24000
2023-01-14 09:31:00,179.70,179.90,178.80,179.00,20000
2023-01-14 09:32:00,179.00,179.30,177.50,177.80,22000
2023-01-14 09:33:00,177.80,178.50,177.00,178.30,23000
2023-01-14 09:34:00,178.30,179.20,178.00,179.00,21000
2023-01-14 09:35:00,179.00,179.50,178.20,178.40,20500
2023-01-14 09:36:00,178.40,178.80,177.80,178.60,22600
2023-01-14 09:37:00,178.60,179.50,178.50,179.20,23500
2023-01-14 09:38:00,179.20,179.30,178.20,178.50,20200
2023-01-14 09:39:00,178.50,178.80,177.50,177.80,21300
2023-01-15 09:00:00,177.80,178.20,176.80,177.00,22800
2023-01-15 09:01:00,177.00,177.50,176.00,176.20,23200
2023-01-15 09:02:00,176.20,176.80,175.50,176.60,21000
2023-01-15 09:03:00,176.60,177.00,175.80,176.00,20500
2023-01-15 09:04:00,176.00,176.50,175.00,175.20,24000
2023-01-15 09:05:00,175.20,175.80,174.50,175.00,25000
2023-01-15 09:06:00,175.00,175.50,174.00,174.50,22000
2023-01-15 09:07:00,174.50,175.00,173.50,174.00,23500
2023-01-15 09:08:00,174.00,174.80,173.00,174.60,26000
2023-01-15 09:09:00,174.60,175.20,174.00,175.00,21500
2023-01-15 09:10:00,175.00,176.00,174.80,175.80,24500
2023-01-15 09:11:00,175.80,176.50,175.00,175.20,21500
2023-01-15 09:12:00,175.20,175.80,174.00,174.50,22800
2023-01-15 09:13:00,174.50,175.50,174.00,175.00,20500
2023-01-15 09:14:00,175.00,175.20,173.50,173.80,23200
2023-01-15 09:15:00,173.80,174.80,173.00,174.50,24200
2023-01-15 09:16:00,174.50,176.00,174.00,175.90,25200
2023-01-15 09:17:00,175.90,177.50,175.80,177.00,26000
2023-01-15 09:18:00,177.00,177.30,176.00,176.20,22000
2023-01-15 09:19:00,176.20,176.80,175.50,175.80,21000
2023-01-15 09:20:00,175.80,177.00,175.50,176.50,23000
2023-01-15 09:21:00,176.50,176.80,175.00,175.20,20000
2023-01-15 09:22:00,175.20,175.50,174.00,174.30,22500
2023-01-15 09:23:00,174.30,175.00,173.50,174.80,24500
2023-01-15 09:24:00,174.80,175.80,174.20,175.50,21500
2023-01-15 09:25:00,175.50,176.00,174.50,174.70,20800
2023-01-15 09:26:00,174.70,175.50,174.00,175.30,22200
2023-01-15 09:27:00,175.30,176.50,175.00,176.00,23800
2023-01-15 09:28:00,176.00,176.30,175.20,175.50,20300
2023-01-15 09:29:00,175.50,175.80,174.50,174.80,21800
2023-01-15 09:30:00,174.80,176.00,174.50,175.70,24000
2023-01-15 09:31:00,175.70,175.90,174.80,175.00,20000
2023-01-15 09:32:00,175.00,175.30,173.50,173.80,22000
2023-01-15 09:33:00,173.80,174.50,173.00,174.30,23000
2023-01-15 09:34:00,174.30,175.20,174.00,175.00,21000
2023-01-15 09:35:00,175.00,175.50,174.20,174.40,20500
2023-01-15 09:36:00,174.40,174.80,173.80,174.60,22600
2023-01-15 09:37:00,174.60,175.50,174.50,175.20,23500
2023-01-15 09:38:00,175.20,175.30,174.20,174.50,20200
2023-01-15 09:39:00,174.50,174.80,173.50,173.80,21300
2023-01-16 09:00:00,200.00,202.50,199.50,201.00,50000
2023-01-16 09:01:00,201.00,201.80,200.20,201.50,52000
2023-01-16 09:02:00,201.50,203.00,201.00,202.80,55000
2023-01-16 09:03:00,202.80,202.90,200.50,200.60,53000
2023-01-16 09:04:00,200.60,201.00,199.00,199.50,56000
2023-01-16 09:05:00,199.50,200.00,198.50,199.00,51000
2023-01-16 09:06:00,199.00,199.50,197.50,198.00,54000
2023-01-16 09:07:00,198.00,198.80,197.00,198.50,52500
2023-01-16 09:08:00,198.50,200.50,198.00,200.00,57000
2023-01-16 09:09:00,200.00,201.00,199.50,200.80,53500
2023-01-16 09:10:00,200.80,202.00,200.50,201.80,54500
2023-01-16 09:11:00,201.80,202.50,201.00,201.20,51500
2023-01-16 09:12:00,201.20,201.80,200.00,200.50,52800
2023-01-16 09:13:00,200.50,201.50,200.00,201.00,50500
2023-01-16 09:14:00,201.00,201.20,199.50,199.80,53200
2023-01-16 09:15:00,199.80,200.80,199.00,200.50,54200
2023-01-16 09:16:00,200.50,202.00,200.00,201.90,55200
2023-01-16 09:17:00,201.90,203.50,201.80,203.00,56000
2023-01-16 09:18:00,203.00,203.30,202.00,202.20,52000
2023-01-16 09:19:00,202.20,202.80,201.50,201.80,51000
2023-01-16 09:20:00,201.80,203.00,201.50,202.50,53000
2023-01-16 09:21:00,202.50,202.80,201.00,201.20,50000
2023-01-16 09:22:00,201.20,201.50,200.00,200.30,52500
2023-01-16 09:23:00,200.30,201.00,199.50,200.80,54500
2023-01-16 09:24:00,200.80,201.80,200.20,201.50,51500
2023-01-16 09:25:00,201.50,202.00,200.50,200.70,50800
2023-01-16 09:26:00,200.70,201.50,200.00,201.30,52200
2023-01-16 09:27:00,201.30,202.50,201.00,202.00,53800
2023-01-16 09:28:00,202.00,202.30,201.20,201.50,50300
2023-01-16 09:29:00,201.50,201.80,200.50,200.80,51800
2023-01-16 09:30:00,200.80,202.00,200.50,201.70,54000
2023-01-16 09:31:00,201.70,201.90,200.80,201.00,50000
2023-01-16 09:32:00,201.00,201.30,199.50,199.80,52000
2023-01-16 09:33:00,199.80,200.50,199.00,200.30,53000
2023-01-16 09:34:00,200.30,201.20,200.00,201.00,51000
2023-01-16 09:35:00,201.00,201.50,200.20,200.40,50500
2023-01-16 09:36:00,200.40,200.80,199.80,200.60,52600
2023-01-16 09:37:00,200.60,201.50,200.50,201.20,53500
2023-01-16 09:38:00,201.20,201.30,200.20,200.50,50200
2023-01-16 09:39:00,200.50,200.80,199.50,199.80,51300
2023-01-17 09:00:00,199.80,200.20,198.80,199.00,42800
2023-01-17 09:01:00,199.00,199.50,198.00,198.20,43200
2023-01-17 09:02:00,198.20,198.80,197.50,198.60,41000
2023-01-17 09:03:00,198.60,199.00,197.80,198.00,40500
2023-01-17 09:04:00,198.00,198.50,197.00,197.20,44000
2023-01-17 09:05:00,197.20,197.80,196.50,197.00,45000
2023-01-17 09:06:00,197.00,197.50,196.00,196.50,42000
2023-01-17 09:07:00,196.50,197.00,195.50,196.00,43500
2023-01-17 09:08:00,196.00,196.80,195.00,196.60,46000
2023-01-17 09:09:00,196.60,197.20,196.00,197.00,41500
2023-01-17 09:10:00,197.00,198.00,196.80,197.80,44500
2023-01-17 09:11:00,197.80,198.50,197.00,197.20,41500
2023-01-17 09:12:00,197.20,197.80,196.00,196.50,42800
2023-01-17 09:13:00,196.50,197.50,196.00,197.00,40500
2023-01-17 09:14:00,197.00,197.20,195.50,195.80,43200
2023-01-17 09:15:00,195.80,196.80,195.00,196.50,44200
2023-01-17 09:16:00,196.50,198.00,196.00,197.90,45200
2023-01-17 09:17:00,197.90,199.50,197.80,199.00,46000
2023-01-17 09:18:00,199.00,199.30,198.00,198.20,42000
2023-01-17 09:19:00,198.20,198.80,197.50,197.80,41000
2023-01-17 09:20:00,197.80,199.00,197.50,198.50,43000
2023-01-17 09:21:00,198.50,198.80,197.00,197.20,40000
2023-01-17 09:22:00,197.20,197.50,196.00,196.30,42500
2023-01-17 09:23:00,196.30,197.00,195.50,196.80,44500
2023-01-17 09:24:00,196.80,197.80,196.20,197.50,41500
2023-01-17 09:25:00,197.50,198.00,196.50,196.70,40800
2023-01-17 09:26:00,196.70,197.50,196.00,197.30,42200
2023-01-17 09:27:00,197.30,198.50,197.00,198.00,43800
2023-01-17 09:28:00,198.00,198.30,197.20,197.50,40300
2023-01-17 09:29:00,197.50,197.80,196.50,196.80,41800
2023-01-17 09:30:00,196.80,198.00,196.50,197.70,44000
2023-01-17 09:31:00,197.70,197.90,196.80,197.00,40000
2023-01-17 09:32:00,197.00,197.30,195.50,195.80,42000
2023-01-17 09:33:00,195.80,196.50,195.00,196.30,43000
2023-01-17 09:34:00,196.30,197.20,196.00,197.00,41000
2023-01-17 09:35:00,197.00,197.50,196.20,196.40,40500
2023-01-17 09:36:00,196.40,196.80,195.80,196.60,42600
2023-01-17 09:37:00,196.60,197.50,196.50,197.20,43500
2023-01-17 09:38:00,197.20,197.30,196.20,196.50,40200
2023-01-17 09:39:00,196.50,196.80,195.50,195.80,41300
2023-01-18 09:00:00,195.80,196.20,194.80,195.00,32800
2023-01-18 09:01:00,195.00,195.50,194.00,194.20,33200
2023-01-18 09:02:00,194.20,194.80,193.50,194.60,31000
2023-01-18 09:03:00,194.60,195.00,193.80,194.00,30500
2023-01-18 09:04:00,194.00,194.50,193.00,193.20,34000
2023-01-18 09:05:00,193.20,193.80,192.50,193.00,35000
2023-01-18 09:06:00,193.00,193.50,192.00,192.50,32000
2023-01-18 09:07:00,192.50,193.00,191.50,192.00,33500
2023-01-18 09:08:00,192.00,192.80,191.00,192.60,36000
2023-01-18 09:09:00,192.60,193.20,192.00,193.00,31500
2023-01-18 09:10:00,193.00,194.00,192.80,193.80,34500
2023-01-18 09:11:00,193.80,194.50,193.00,193.20,31500
2023-01-18 09:12:00,193.20,193.80,192.00,192.50,32800
2023-01-18 09:13:00,192.50,193.50,192.00,193.00,30500
2023-01-18 09:14:00,193.00,193.20,191.50,191.80,33200
2023-01-18 09:15:00,191.80,192.80,191.00,192.50,34200
2023-01-18 09:16:00,192.50,194.00,192.00,193.90,35200
2023-01-18 09:17:00,193.90,195.50,193.80,195.00,36000
2023-01-18 09:18:00,195.00,195.30,194.00,194.20,32000
2023-01-18 09:19:00,194.20,194.80,193.50,193.80,31000
2023-01-18 09:20:00,193.80,195.00,193.50,194.50,33000
2023-01-18 09:21:00,194.50,194.80,193.00,193.20,30000
2023-01-18 09:22:00,193.20,193.50,192.00,192.30,32500
2023-01-18 09:23:00,192.30,193.00,191.50,192.80,34500
2023-01-18 09:24:00,192.80,193.80,192.20,193.50,31500
2023-01-18 09:25:00,193.50,194.00,192.50,192.70,30800
2023-01-18 09:26:00,192.70,193.50,192.00,193.30,32200
2023-01-18 09:27:00,193.30,194.50,193.00,194.00,33800
2023-01-18 09:28:00,194.00,194.30,193.20,193.50,30300
2023-01-18 09:29:00,193.50,193.80,192.50,192.80,31800
2023-01-18 09:30:00,192.80,194.00,192.50,193.70,34000
2023-01-18 09:31:00,193.70,193.90,192.80,193.00,30000
2023-01-18 09:32:00,193.00,193.30,191.50,191.80,32000
2023-01-18 09:33:00,191.80,192.50,191.00,192.30,33000
2023-01-18 09:34:00,192.30,193.20,192.00,193.00,31000
2023-01-18 09:35:00,193.00,193.50,192.20,192.40,30500
2023-01-18 09:36:00,192.40,192.80,191.80,192.60,32600
2023-01-18 09:37:00,192.60,193.50,192.50,193.20,33500
2023-01-18 09:38:00,193.20,193.30,192.20,192.50,30200
2023-01-18 09:39:00,192.50,192.80,191.50,191.80,31300
2023-01-19 09:00:00,210.00,212.50,209.50,211.00,60000
2023-01-19 09:01:00,211.00,211.80,210.20,211.50,62000
2023-01-19 09:02:00,211.50,213.00,211.00,212.80,65000
2023-01-19 09:03:00,212.80,212.90,210.50,210.60,63000
2023-01-19 09:04:00,210.60,211.00,209.00,209.50,66000
2023-01-19 09:05:00,209.50,210.00,208.50,209.00,61000
2023-01-19 09:06:00,209.00,209.50,207.50,208.00,64000
2023-01-19 09:07:00,208.00,208.80,207.00,208.50,62500
2023-01-19 09:08:00,208.50,210.50,208.00,210.00,67000
2023-01-19 09:09:00,210.00,211.00,209.50,210.80,63500
2023-01-19 09:10:00,210.80,212.00,210.50,211.80,64500
2023-01-19 09:11:00,211.80,212.50,211.00,211.20,61500
2023-01-19 09:12:00,211.20,211.80,210.00,210.50,62800
2023-01-19 09:13:00,210.50,211.50,210.00,211.00,60500
2023-01-19 09:14:00,211.00,211.20,209.50,209.80,63200
2023-01-19 09:15:00,209.80,210.80,209.00,210.50,64200
2023-01-19 09:16:00,210.50,212.00,210.00,211.90,65200
2023-01-19 09:17:00,211.90,213.50,211.80,213.00,66000
2023-01-19 09:18:00,213.00,213.30,212.00,212.20,62000
2023-01-19 09:19:00,212.20,212.80,211.50,211.80,61000
2023-01-19 09:20:00,211.80,213.00,211.50,212.50,63000
2023-01-19 09:21:00,212.50,212.80,211.00,211.20,60000
2023-01-19 09:22:00,211.20,211.50,210.00,210.30,62500
2023-01-19 09:23:00,210.30,211.00,209.50,210.80,64500
2023-01-19 09:24:00,210.80,211.80,210.20,211.50,61500
2023-01-19 09:25:00,211.50,212.00,210.50,210.70,60800
2023-01-19 09:26:00,210.70,211.50,210.00,211.30,62200
2023-01-19 09:27:00,211.30,212.50,211.00,212.00,63800
2023-01-19 09:28:00,212.00,212.30,211.20,211.50,60300
2023-01-19 09:29:00,211.50,211.80,210.50,210.80,61800
2023-01-19 09:30:00,210.80,212.00,210.50,211.70,64000
2023-01-19 09:31:00,211.70,211.90,210.80,211.00,60000
2023-01-19 09:32:00,211.00,211.30,209.50,209.80,62000
2023-01-19 09:33:00,209.80,210.50,209.00,210.30,63000
2023-01-19 09:34:00,210.30,211.20,210.00,211.00,61000
2023-01-19 09:35:00,211.00,211.50,210.20,210.40,60500
2023-01-19 09:36:00,210.40,210.80,209.80,210.60,62600
2023-01-19 09:37:00,210.60,211.50,210.50,211.20,63500
2023-01-19 09:38:00,211.20,211.30,210.20,210.50,60200
2023-01-19 09:39:00,210.50,210.80,209.50,209.80,61300
2023-01-20 09:00:00,209.80,210.20,208.80,209.00,52800
2023-01-20 09:01:00,209.00,209.50,208.00,208.20,53200
2023-01-20 09:02:00,208.20,208.80,207.50,208.60,51000
2023-01-20 09:03:00,208.60,209.00,207.80,208.00,50500
2023-01-20 09:04:00,208.00,208.50,207.00,207.20,54000
2023-01-20 09:05:00,207.20,207.80,206.50,207.00,55000
2023-01-20 09:06:00,207.00,207.50,206.00,206.50,52000
2023-01-20 09:07:00,206.50,207.00,205.50,206.00,53500
2023-01-20 09:08:00,206.00,206.80,205.00,206.60,56000
2023-01-20 09:09:00,206.60,207.20,206.00,207.00,51500
2023-01-20 09:10:00,207.00,208.00,206.80,207.80,54500
2023-01-20 09:11:00,207.80,208.50,207.00,207.20,51500
2023-01-20 09:12:00,207.20,207.80,206.00,206.50,52800
2023-01-20 09:13:00,206.50,207.50,206.00,207.00,50500
2023-01-20 09:14:00,207.00,207.20,205.50,205.80,53200
2023-01-20 09:15:00,205.80,206.80,205.00,206.50,54200
2023-01-20 09:16:00,206.50,208.00,206.00,207.90,55200
2023-01-20 09:17:00,207.90,209.50,207.80,209.00,56000
2023-01-20 09:18:00,209.00,209.30,208.00,208.20,52000
2023-01-20 09:19:00,208.20,208.80,207.50,207.80,51000
2023-01-20 09:20:00,207.80,209.00,207.50,208.50,53000
2023-01-20 09:21:00,208.50,208.80,207.00,207.20,50000
2023-01-20 09:22:00,207.20,207.50,206.00,206.30,52500
2023-01-20 09:23:00,206.30,207.00,205.50,206.80,54500
2023-01-20 09:24:00,206.80,207.80,206.20,207.50,51500
2023-01-20 09:25:00,207.50,208.00,206.50,206.70,50800
2023-01-20 09:26:00,206.70,207.50,206.00,207.30,52200
2023-01-20 09:27:00,207.30,208.50,207.00,208.00,53800
2023-01-20 09:28:00,208.00,208.30,207.20,207.50,50300
2023-01-20 09:29:00,207.50,207.80,206.50,206.80,51800
2023-01-20 09:30:00,206.80,208.00,206.50,207.70,54000
2023-01-20 09:31:00,207.70,207.90,206.80,207.00,50000
2023-01-20 09:32:00,207.00,207.30,205.50,205.80,52000
2023-01-20 09:33:00,205.80,206.50,205.00,206.30,53000
2023-01-20 09:34:00,206.30,207.20,206.00,207.00,51000
2023-01-20 09:35:00,207.00,207.50,206.20,206.40,50500
2023-01-20 09:36:00,206.40,206.80,205.80,206.60,52600
2023-01-20 09:37:00,206.60,207.50,206.50,207.20,53500
2023-01-20 09:38:00,207.20,207.30,206.20,206.50,50200
2023-01-20 09:39:00,206.50,206.80,205.50,205.80,51300
2023-01-21 09:00:00,205.80,206.20,204.80,205.00,42800
2023-01-21 09:01:00,205.00,205.50,204.00,204.20,43200
2023-01-21 09:02:00,204.20,204.80,203.50,204.60,41000
2023-01-21 09:03:00,204.60,205.00,203.80,204.00,40500
2023-01-21 09:04:00,204.00,204.50,203.00,203.20,44000
2023-01-21 09:05:00,203.20,203.80,202.50,203.00,45000
2023-01-21 09:06:00,203.00,203.50,202.00,202.50,42000
2023-01-21 09:07:00,202.50,203.00,201.50,202.00,43500
2023-01-21 09:08:00,202.00,202.80,201.00,202.60,46000
2023-01-21 09:09:00,202.60,203.20,202.00,203.00,41500
2023-01-21 09:10:00,203.00,204.00,202.80,203.80,44500
2023-01-21 09:11:00,203.80,204.50,203.00,203.20,41500
2023-01-21 09:12:00,203.20,203.80,202.00,202.50,42800
2023-01-21 09:13:00,202.50,203.50,202.00,203.00,40500
2023-01-21 09:14:00,203.00,203.20,201.50,201.80,43200
2023-01-21 09:15:00,201.80,202.80,201.00,202.50,44200
2023-01-21 09:16:00,202.50,204.00,202.00,203.90,45200
2023-01-21 09:17:00,203.90,205.50,203.80,205.00,46000
2023-01-21 09:18:00,205.00,205.30,204.00,204.20,42000
2023-01-21 09:19:00,204.20,204.80,203.50,203.80,41000
2023-01-21 09:20:00,203.80,205.00,203.50,204.50,43000
2023-01-21 09:21:00,204.50,204.80,203.00,203.20,40000
2023-01-21 09:22:00,203.20,203.50,202.00,202.30,42500
2023-01-21 09:23:00,202.30,203.00,201.50,202.80,44500
2023-01-21 09:24:00,202.80,203.80,202.20,203.50,41500
2023-01-21 09:25:00,203.50,204.00,202.50,202.70,40800
2023-01-21 09:26:00,202.70,203.50,202.00,203.30,42200
2023-01-21 09:27:00,203.30,204.50,203.00,204.00,43800
2023-01-21 09:28:00,204.00,204.30,203.20,203.50,40300
2023-01-21 09:29:00,203.50,203.80,202.50,202.80,41800
2023-01-21 09:30:00,202.80,204.00,202.50,203.70,44000
2023-01-21 09:31:00,203.70,203.90,202.80,203.00,40000
2023-01-21 09:32:00,203.00,203.30,201.50,201.80,42000
2023-01-21 09:33:00,201.80,202.50,201.00,202.30,43000
2023-01-21 09:34:00,202.30,203.20,202.00,203.00,41000
2023-01-21 09:35:00,203.00,203.50,202.20,202.40,40500
2023-01-21 09:36:00,202.40,202.80,201.80,202.60,42600
2023-01-21 09:37:00,202.60,203.50,202.50,203.20,43500
2023-01-21 09:38:00,203.20,203.30,202.20,202.50,40200
2023-01-21 09:39:00,202.50,202.80,201.50,201.80,41300
2023-01-22 09:00:00,201.80,202.20,200.80,201.00,32800
2023-01-22 09:01:00,201.00,201.50,200.00,200.20,33200
2023-01-22 09:02:00,200.20,200.80,199.50,200.60,31000
2023-01-22 09:03:00,200.60,201.00,199.80,200.00,30500
2023-01-22 09:04:00,200.00,200.50,199.00,199.20,34000
2023-01-22 09:05:00,199.20,199.80,198.50,199.00,35000
2023-01-22 09:06:00,199.00,199.50,198.00,198.50,32000
2023-01-22 09:07:00,198.50,199.00,197.50,198.00,33500
2023-01-22 09:08:00,198.00,198.80,197.00,198.60,36000
2023-01-22 09:09:00,198.60,199.20,198.00,199.00,31500
2023-01-22 09:10:00,199.00,200.00,198.80,199.80,34500
2023-01-22 09:11:00,199.80,200.50,199.00,199.20,31500
2023-01-22 09:12:00,199.20,199.80,198.00,198.50,32800
2023-01-22 09:13:00,198.50,199.50,198.00,199.00,30500
2023-01-22 09:14:00,199.00,199.20,197.50,197.80,33200
2023-01-22 09:15:00,197.80,198.80,197.00,198.50,34200
2023-01-22 09:16:00,198.50,200.00,198.00,199.90,35200
2023-01-22 09:17:00,199.90,201.50,199.80,201.00,36000
2023-01-22 09:18:00,201.00,201.30,200.00,200.20,32000
2023-01-22 09:19:00,200.20,200.80,199.50,199.80,31000
2023-01-22 09:20:00,199.80,201.00,199.50,200.50,33000
2023-01-22 09:21:00,200.50,200.80,199.00,199.20,30000
2023-01-22 09:22:00,199.20,199.50,198.00,198.30,32500
2023-01-22 09:23:00,198.30,199.00,197.50,198.80,34500
2023-01-22 09:24:00,198.80,199.80,198.20,199.50,31500
2023-01-22 09:25:00,199.50,200.00,198.50,198.70,30800
2023-01-22 09:26:00,198.70,199.50,198.00,199.30,32200
2023-01-22 09:27:00,199.30,200.50,199.00,200.00,33800
2023-01-22 09:28:00,200.00,200.30,199.20,199.50,30300
2023-01-22 09:29:00,199.50,199.80,198.50,198.80,31800
2023-01-22 09:30:00,198.80,200.00,198.50,199.70,34000
2023-01-22 09:31:00,199.70,199.90,198.80,199.00,30000
2023-01-22 09:32:00,199.00,199.30,197.50,197.80,32000
2023-01-22 09:33:00,197.80,198.50,197.00,198.30,33000
2023-01-22 09:34:00,198.30,199.20,198.00,199.00,31000
2023-01-22 09:35:00,199.00,199.50,198.20,198.40,30500
2023-01-22 09:36:00,198.40,198.80,197.80,198.60,32600
2023-01-22 09:37:00,198.60,199.50,198.50,199.20,33500
2023-01-22 09:38:00,199.20,199.30,198.20,198.50,30200
2023-01-22 09:39:00,198.50,198.80,197.50,197.80,31300
2023-01-23 09:00:00,197.80,198.20,196.80,197.00,22800
2023-01-23 09:01:00,197.00,197.50,196.00,196.20,23200
2023-01-23 09:02:00,196.20,196.80,195.50,196.60,21000
2023-01-23 09:03:00,196.60,197.00,195.80,196.00,20500
2023-01-23 09:04:00,196.00,196.50,195.00,195.20,24000
2023-01-23 09:05:00,195.20,195.80,194.50,195.00,25000
2023-01-23 09:06:00,195.00,195.50,194.00,194.50,22000
2023-01-23 09:07:00,194.50,195.00,193.50,194.00,23500
2023-01-23 09:08:00,194.00,194.80,193.00,194.60,26000
2023-01-23 09:09:00,194.60,195.20,194.00,195.00,21500
2023-01-23 09:10:00,195.00,196.00,194.80,195.80,24500
2023-01-23 09:11:00,195.80,196.50,195.00,195.20,21500
2023-01-23 09:12:00,195.20,195.80,194.00,194.50,22800
2023-01-23 09:13:00,194.50,195.50,194.00,195.00,20500
2023-01-23 09:14:00,195.00,195.20,193.50,193.80,23200
2023-01-23 09:15:00,193.80,194.80,193.00,194.50,24200
2023-01-23 09:16:00,194.50,196.00,194.00,195.90,25200
2023-01-23 09:17:00,195.90,197.50,195.80,197.00,26000
2023-01-23 09:18:00,197.00,197.30,196.00,196.20,22000
2023-01-23 09:19:00,196.20,196.80,195.50,195.80,21000
2023-01-23 09:20:00,195.80,197.00,195.50,196.50,23000
2023-01-23 09:21:00,196.50,196.80,195.00,195.20,20000
2023-01-23 09:22:00,195.20,195.50,194.00,194.30,22500
2023-01-23 09:23:00,194.30,195.00,193.50,194.80,24500
2023-01-23 09:24:00,194.80,195.80,194.20,195.50,21500
2023-01-23 09:25:00,195.50,196.00,194.50,194.70,20800
2023-01-23 09:26:00,194.70,195.50,194.00,195.30,22200
2023-01-23 09:27:00,195.30,196.50,195.00,196.00,23800
2023-01-23 09:28:00,196.00,196.30,195.20,195.50,20300
2023-01-23 09:29:00,195.50,195.80,194.50,194.80,21800
2023-01-23 09:30:00,194.80,196.00,194.50,195.70,24000
2023-01-23 09:31:00,195.70,195.90,194.80,195.00,20000
2023-01-23 09:32:00,195.00,195.30,193.50,193.80,22000
2023-01-23 09:33:00,193.80,194.50,193.00,194.30,23000
2023-01-23 09:34:00,194.30,195.20,194.00,195.00,21000
2023-01-23 09:35:00,195.00,195.50,194.20,194.40,20500
2023-01-23 09:36:00,194.40,194.80,193.80,194.60,22600
2023-01-23 09:37:00,194.60,195.50,194.50,195.20,23500
2023-01-23 09:38:00,195.20,195.30,194.20,194.50,20200
2023-01-23 09:39:00,194.50,194.80,193.50,193.80,21300
2023-01-24 09:00:00,193.80,194.20,192.80,193.00,22800
2023-01-24 09:01:00,193.00,193.50,192.00,192.20,23200
2023-01-24 09:02:00,192.20,192.80,191.50,192.60,21000
2023-01-24 09:03:00,192.60,193.00,191.80,192.00,20500
2023-01-24 09:04:00,192.00,192.50,191.00,191.20,24000
2023-01-24 09:05:00,191.20,191.80,190.50,191.00,25000
2023-01-24 09:06:00,191.00,191.50,190.00,190.50,22000
2023-01-24 09:07:00,190.50,191.00,189.50,189.00,23500
2023-01-24 09:08:00,189.00,189.80,188.00,189.60,26000
2023-01-24 09:09:00,189.60,190.20,189.00,190.00,21500
2023-01-24 09:10:00,190.00,191.00,189.80,190.80,24500
2023-01-24 09:11:00,190.80,191.50,190.00,190.20,21500
2023-01-24 09:12:00,190.20,190.80,189.00,189.50,22800
2023-01-24 09:13:00,189.50,190.50,189.00,190.00,20500
2023-01-24 09:14:00,190.00,190.20,188.50,188.80,23200
2023-01-24 09:15:00,188.80,189.80,188.00,189.50,24200
2023-01-24 09:16:00,189.50,191.00,189.00,190.90,25200
2023-01-24 09:17:00,190.90,192.50,190.80,192.00,26000
2023-01-24 09:18:00,192.00,192.30,191.00,191.20,22000
2023-01-24 09:19:00,191.20,191.80,190.50,190.80,21000
2023-01-24 09:20:00,190.80,192.00,190.50,191.50,23000
2023-01-24 09:21:00,191.50,191.80,190.00,190.20,20000
2023-01-24 09:22:00,190.20,190.50,189.00,189.30,22500
2023-01-24 09:23:00,189.30,190.00,188.50,189.80,24500
2023-01-24 09:24:00,189.80,190.80,189.20,190.50,21500
2023-01-24 09:25:00,190.50,191.00,189.50,189.70,20800
2023-01-24 09:26:00,189.70,190.50,189.00,190.30,22200
2023-01-24 09:27:00,190.30,191.50,190.00,191.00,23800
2023-01-24 09:28:00,191.00,191.30,190.20,190.50,20300
2023-01-24 09:29:00,190.50,190.80,189.50,189.80,21800
2023-01-24 09:30:00,189.80,191.00,189.50,190.70,24000
2023-01-24 09:31:00,190.70,190.90,189.80,190.00,20000
2023-01-24 09:32:00,190.00,190.30,188.50,188.80,22000
2023-01-24 09:33:00,188.80,189.50,188.00,189.30,23000
2023-01-24 09:34:00,189.30,190.20,189.00,190.00,21000
2023-01-24 09:35:00,190.00,190.50,189.20,189.40,20500
2023-01-24 09:36:00,189.40,189.80,188.80,189.60,22600
2023-01-24 09:37:00,189.60,190.50,189.50,190.20,23500
2023-01-24 09:38:00,190.20,190.30,189.20,189.50,20200
2023-01-24 09:39:00,189.50,189.80,188.50,188.80,21300
2023-01-25 09:00:00,220.00,222.50,219.50,221.00,70000
2023-01-25 09:01:00,221.00,221.80,220.20,221.50,72000
2023-01-25 09:02:00,221.50,223.00,221.00,222.80,75000
2023-01-25 09:03:00,222.80,222.90,220.50,220.60,73000
2023-01-25 09:04:00,220.60,221.00,219.00,219.50,76000
2023-01-25 09:05:00,219.50,220.00,218.50,219.00,71000
2023-01-25 09:06:00,219.00,219.50,217.50,218.00,74000
2023-01-25 09:07:00,218.00,218.80,217.00,218.50,72500
2023-01-25 09:08:00,218.50,220.50,218.00,220.00,77000
2023-01-25 09:09:00,220.00,221.00,219.50,220.80,73500
2023-01-25 09:10:00,220.80,222.00,220.50,221.80,74500
2023-01-25 09:11:00,221.80,222.50,221.00,221.20,71500
2023-01-25 09:12:00,221.20,221.80,220.00,220.50,72800
2023-01-25 09:13:00,220.50,221.50,220.00,221.00,70500
2023-01-25 09:14:00,221.00,221.20,219.50,219.80,73200
2023-01-25 09:15:00,219.80,220.80,219.00,220.50,74200
2023-01-25 09:16:00,220.50,222.00,220.00,221.90,75200
2023-01-25 09:17:00,221.90,223.50,221.80,223.00,76000
2023-01-25 09:18:00,223.00,223.30,222.00,222.20,72000
2023-01-25 09:19:00,222.20,222.80,221.50,221.80,71000
2023-01-25 09:20:00,221.80,223.00,221.50,222.50,73000
2023-01-25 09:21:00,222.50,222.80,221.00,221.20,70000
2023-01-25 09:22:00,221.20,221.50,220.00,220.30,72500
2023-01-25 09:23:00,220.30,221.00,219.50,220.80,74500
2023-01-25 09:24:00,220.80,221.80,220.20,221.50,71500
2023-01-25 09:25:00,221.50,222.00,220.50,220.70,70800
2023-01-25 09:26:00,220.70,221.50,220.00,221.30,72200
2023-01-25 09:27:00,221.30,222.50,221.00,222.00,73800
2023-01-25 09:28:00,222.00,222.30,221.20,221.50,70300
2023-01-25 09:29:00,221.50,221.80,220.50,220.80,71800
2023-01-25 09:30:00,220.80,222.00,220.50,221.70,74000
2023-01-25 09:31:00,221.70,221.90,220.80,221.00,70000
2023-01-25 09:32:00,221.00,221.30,219.50,219.80,72000
2023-01-25 09:33:00,219.80,220.50,219.00,220.30,73000
2023-01-25 09:34:00,220.30,221.20,220.00,221.00,71000
2023-01-25 09:35:00,221.00,221.50,220.20,220.40,70500
2023-01-25 09:36:00,220.40,220.80,219.80,220.60,72600
2023-01-25 09:37:00,220.60,221.50,220.50,221.20,73500
2023-01-25 09:38:00,221.20,221.30,220.20,220.50,70200
2023-01-25 09:39:00,220.50,220.80,219.50,219.80,71300
2023-01-26 09:00:00,219.80,220.20,218.80,219.00,62800
2023-01-26 09:01:00,219.00,219.50,218.00,218.20,63200
2023-01-26 09:02:00,218.20,218.80,217.50,218.60,61000
2023-01-26 09:03:00,218.60,219.00,217.80,218.00,60500
2023-01-26 09:04:00,218.00,218.50,217.00,217.20,64000
2023-01-26 09:05:00,217.20,217.80,216.50,217.00,65000
2023-01-26 09:06:00,217.00,217.50,216.00,216.50,62000
2023-01-26 09:07:00,216.50,217.00,215.50,216.00,63500
2023-01-26 09:08:00,216.00,216.80,215.00,216.60,66000
2023-01-26 09:09:00,216.60,217.20,216.00,217.00,61500
2023-01-26 09:10:00,217.00,218.00,216.80,217.80,64500
2023-01-26 09:11:00,217.80,218.50,217.00,217.20,61500
2023-01-26 09:12:00,217.20,217.80,216.00,216.50,62800
2023-01-26 09:13:00,216.50,217.50,216.00,217.00,60500
2023-01-26 09:14:00,217.00,217.20,215.50,215.80,63200
2023-01-26 09:15:00,215.80,216.80,215.00,216.50,64200
2023-01-26 09:16:00,216.50,218.00,216.00,217.90,65200
2023-01-26 09:17:00,217.90,219.50,217.80,219.00,66000
2023-01-26 09:18:00,219.00,219.30,218.00,218.20,62000
2023-01-26 09:19:00,218.20,218.80,217.50,217.80,61000
2023-01-26 09:20:00,217.80,219.00,217.50,218.50,63000
2023-01-26 09:21:00,218.50,218.80,217.00,217.20,60000
2023-01-26 09:22:00,217.20,217.50,216.00,216.30,62500
2023-01-26 09:23:00,216.30,217.00,215.50,216.80,64500
2023-01-26 09:24:00,216.80,217.80,216.20,217.50,61500
2023-01-26 09:25:00,217.50,218.00,216.50,216.70,60800
2023-01-26 09:26:00,216.70,217.50,216.00,217.30,62200
2023-01-26 09:27:00,217.30,218.50,217.00,218.00,63800
2023-01-26 09:28:00,218.00,218.30,217.20,217.50,60300
2023-01-26 09:29:00,217.50,217.80,216.50,216.80,61800
2023-01-26 09:30:00,216.80,218.00,216.50,217.70,64000
2023-01-26 09:31:00,217.70,217.90,216.80,217.00,60000
2023-01-26 09:32:00,217.00,217.30,215.50,215.80,62000
2023-01-26 09:33:00,215.80,216.50,215.00,216.30,63000
2023-01-26 09:34:00,216.30,217.20,216.00,217.00,61000
2023-01-26 09:35:00,217.00,217.50,216.20,216.40,60500
2023-01-26 09:36:00,216.40,216.80,215.80,216.60,62600
2023-01-26 09:37:00,216.60,217.50,216.50,217.20,63500
2023-01-26 09:38:00,217.20,217.30,216.20,216.50,60200
2023-01-26 09:39:00,216.50,216.80,215.50,215.80,61300
2023-01-27 09:00:00,215.80,216.20,214.80,215.00,52800
2023-01-27 09:01:00,215.00,215.50,214.00,214.20,53200
2023-01-27 09:02:00,214.20,214.80,213.50,214.60,51000
2023-01-27 09:03:00,214.60,215.00,213.80,214.00,50500
2023-01-27 09:04:00,214.00,214.50,213.00,213.20,54000
2023-01-27 09:05:00,213.20,213.80,212.50,213.00,55000
2023-01-27 09:06:00,213.00,213.50,212.00,212.50,52000
2023-01-27 09:07:00,212.50,213.00,211.50,212.00,53500
2023-01-27 09:08:00,212.00,212.80,211.00,212.60,56000
2023-01-27 09:09:00,212.60,213.20,212.00,213.00,51500
2023-01-27 09:10:00,213.00,214.00,212.80,213.80,54500
2023-01-27 09:11:00,213.80,214.50,213.00,213.20,51500
2023-01-27 09:12:00,213.20,213.80,212.00,212.50,52800
2023-01-27 09:13:00,212.50,213.50,212.00,213.00,50500
2023-01-27 09:14:00,213.00,213.20,211.50,211.80,53200
2023-01-27 09:15:00,211.80,212.80,211.00,212.50,54200
2023-01-27 09:16:00,212.50,214.00,212.00,213.90,55200
2023-01-27 09:17:00,213.90,215.50,213.80,215.00,56000
2023-01-27 09:18:00,215.00,215.30,214.00,214.20,52000
2023-01-27 09:19:00,214.20,214.80,213.50,213.80,51000
2023-01-27 09:20:00,213.80,215.00,213.50,214.50,53000
2023-01-27 09:21:00,214.50,214.80,213.00,213.20,50000
2023-01-27 09:22:00,213.20,213.50,212.00,212.30,52500
2023-01-27 09:23:00,212.30,213.00,211.50,212.80,54500
2023-01-27 09:24:00,212.80,213.80,212.20,213.50,51500
2023-01-27 09:25:00,213.50,214.00,212.50,212.70,50800
2023-01-27 09:26:00,212.70,213.50,212.00,213.30,52200
2023-01-27 09:27:00,213.30,214.50,213.00,214.00,53800
2023-01-27 09:28:00,214.00,214.30,213.20,213.50,50300
2023-01-27 09:29:00,213.50,213.80,212.50,212.80,51800
2023-01-27 09:30:00,212.80,214.00,212.50,213.70,54000
2023-01-27 09:31:00,213.70,213.90,212.80,213.00,50000
2023-01-27 09:32:00,213.00,213.30,211.50,211.80,52000
2023-01-27 09:33:00,211.80,212.50,211.00,212.30,53000
2023-01-27 09:34:00,212.30,213.20,212.00,213.00,51000
2023-01-27 09:35:00,213.00,213.50,212.20,212.40,50500
2023-01-27 09:36:00,212.40,212.80,211.80,212.60,52600
2023-01-27 09:37:00,212.60,213.50,212.50,213.20,53500
2023-01-27 09:38:00,213.20,213.30,212.20,212.50,50200
2023-01-27 09:39:00,212.50,212.80,211.50,211.80,51300
2023-01-28 09:00:00,211.80,212.20,210.80,211.00,42800
2023-01-28 09:01:00,211.00,211.50,210.00,210.20,43200
2023-01-28 09:02:00,210.20,210.80,209.50,210.60,41000
2023-01-28 09:03:00,210.60,211.00,209.80,210.00,40500
2023-01-28 09:04:00,210.00,210.50,209.00,209.20,44000
2023-01-28 09:05:00,209.20,209.80,208.50,209.00,45000
2023-01-28 09:06:00,209.00,209.50,208.00,208.50,42000
2023-01-28 09:07:00,208.50,209.00,207.50,208.00,43500
2023-01-28 09:08:00,208.00,208.80,207.00,208.60,46000
2023-01-28 09:09:00,208.60,209.20,208.00,209.00,41500
2023-01-28 09:10:00,209.00,210.00,208.80,209.80,44500
2023-01-28 09:11:00,209.80,210.50,209.00,209.20,41500
2023-01-28 09:12:00,209.20,209.80,208.00,208.50,42800
2023-01-28 09:13:00,208.50,209.50,208.00,209.00,40500
2023-01-28 09:14:00,209.00,209.20,207.50,207.80,43200
2023-01-28 09:15:00,207.80,208.80,207.00,208.50,44200
2023-01-28 09:16:00,208.50,210.00,208.00,209.90,45200
2023-01-28 09:17:00,209.90,211.50,209.80,211.00,46000
2023-01-28 09:18:00,211.00,211.30,210.00,210.20,42000
2023-01-28 09:19:00,210.20,210.80,209.50,209.80,41000
2023-01-28 09:20:00,209.80,211.00,209.50,210.50,43000
2023-01-28 09:21:00,210.50,210.80,209.00,209.20,40000
2023-01-28 09:22:00,209.20,209.50,208.00,208.30,42500
2023-01-28 09:23:00,208.30,209.00,207.50,208.80,44500
2023-01-28 09:24:00,208.80,209.80,208.20,209.50,41500
2023-01-28 09:25:00,209.50,210.00,208.50,208.70,40800
2023-01-28 09:26:00,208.70,209.50,208.00,209.30,42200
2023-01-28 09:27:00,209.30,210.50,209.00,210.00,43800
2023-01-28 09:28:00,210.00,210.30,209.20,209.50,40300
2023-01-28 09:29:00,209.50,209.80,208.50,208.80,41800
2023-01-28 09:30:00,208.80,210.00,208.50,209.70,44000
2023-01-28 09:31:00,209.70,209.90,208.80,209.00,40000
2023-01-28 09:32:00,209.00,209.30,207.50,207.80,42000
2023-01-28 09:33:00,207.80,208.50,207.00,208.30,43000
2023-01-28 09:34:00,208.30,209.20,208.00,209.00,41000
2023-01-28 09:35:00,209.00,209.50,208.20,208.40,40500
2023-01-28 09:36:00,208.40,208.80,207.80,208.60,42600
2023-01-28 09:37:00,208.60,209.50,208.50,209.20,43500
2023-01-28 09:38:00,209.20,209.30,208.20,208.50,40200
2023-01-28 09:39:00,208.50,208.80,207.50,207.80,41300
2023-01-29 09:00:00,220.00,222.50,219.50,221.00,50000
2023-01-29 09:01:00,221.00,221.80,220.20,221.50,52000
2023-01-29 09:02:00,221.50,223.00,221.00,222.80,55000
2023-01-29 09:03:00,222.80,222.90,220.50,220.60,53000
2023-01-29 09:04:00,220.60,221.00,219.00,219.50,56000
2023-01-29 09:05:00,219.50,220.00,218.50,219.00,51000
2023-01-29 09:06:00,219.00,219.50,217.50,218.00,54000
2023-01-29 09:07:00,218.00,218.80,217.00,218.50,52500
2023-01-29 09:08:00,218.50,220.50,218.00,220.00,57000
2023-01-29 09:09:00,220.00,221.00,219.50,220.80,53500
2023-01-29 09:10:00,220.80,222.00,220.50,221.80,54500
2023-01-29 09:11:00,221.80,222.50,221.00,221.20,51500
2023-01-29 09:12:00,221.20,221.80,220.00,220.50,52800
2023-01-29 09:13:00,220.50,221.50,220.00,221.00,50500
2023-01-29 09:14:00,221.00,221.20,219.50,219.80,53200
2023-01-29 09:15:00,219.80,220.80,219.00,220.50,54200
2023-01-29 09:16:00,220.50,222.00,220.00,221.90,55200
2023-01-29 09:17:00,221.90,223.50,221.80,223.00,56000
2023-01-29 09:18:00,223.00,223.30,222.00,222.20,52000
2023-01-29 09:19:00,222.20,222.80,221.50,221.80,51000
2023-01-29 09:20:00,221.80,223.00,221.50,222.50,53000
2023-01-29 09:21:00,222.50,222.80,221.00,221.20,50000
2023-01-29 09:22:00,221.20,221.50,220.00,220.30,52500
2023-01-29 09:23:00,220.30,221.00,219.50,220.80,54500
2023-01-29 09:24:00,220.80,221.80,220.20,221.50,51500
2023-01-29 09:25:00,221.50,222.00,220.50,220.70,50800
2023-01-29 09:26:00,220.70,221.50,220.00,221.30,52200
2023-01-29 09:27:00,221.30,222.50,221.00,222.00,53800
2023-01-29 09:28:00,222.00,222.30,221.20,221.50,50300
2023-01-29 09:29:00,221.50,221.80,220.50,220.80,51800
2023-01-29 09:30:00,220.80,222.00,220.50,221.70,54000
2023-01-29 09:31:00,221.70,221.90,220.80,221.00,50000
2023-01-29 09:32:00,221.00,221.30,219.50,219.80,52000
2023-01-29 09:33:00,219.80,220.50,219.00,220.30,53000
2023-01-29 09:34:00,220.30,221.20,220.00,221.00,51000
2023-01-29 09:35:00,221.00,221.50,220.20,220.40,50500
2023-01-29 09:36:00,220.40,220.80,219.80,220.60,52600
2023-01-29 09:37:00,220.60,221.50,220.50,221.20,53500
2023-01-29 09:38:00,221.20,221.30,220.20,220.50,50200
2023-01-29 09:39:00,220.50,220.80,219.50,219.80,51300
2023-01-30 09:00:00,219.80,220.20,218.80,219.00,42800
2023-01-30 09:01:00,219.00,219.50,218.00,218.20,43200
2023-01-30 09:02:00,218.20,218.80,217.50,218.60,41000
2023-01-30 09:03:00,218.60,219.00,217.80,218.00,40500
2023-01-30 09:04:00,218.00,218.50,217.00,217.20,44000
2023-01-30 09:05:00,217.20,217.80,216.50,217.00,45000
2023-01-30 09:06:00,217.00,217.50,216.00,216.50,42000
2023-01-30 09:07:00,216.50,217.00,215.50,216.00,43500
2023-01-30 09:08:00,216.00,216.80,215.00,216.60,46000
2023-01-30 09:09:00,216.60,217.20,216.00,217.00,41500
2023-01-30 09:10:00,217.00,218.00,216.80,217.80,44500
2023-01-30 09:11:00,217.80,218.50,217.00,217.20,41500
2023-01-30 09:12:00,217.20,217.80,216.00,216.50,42800
2023-01-30 09:13:00,216.50,217.50,216.00,217.00,40500
2023-01-30 09:14:00,217.00,217.20,215.50,215.80,43200
2023-01-30 09:15:00,215.80,216.80,215.00,216.50,44200
2023-01-30 09:16:00,216.50,218.00,216.00,217.90,45200
2023-01-30 09:17:00,217.90,219.50,217.80,219.00,46000
2023-01-30 09:18:00,219.00,219.30,218.00,218.20,42000
2023-01-30 09:19:00,218.20,218.80,217.50,217.80,41000
2023-01-30 09:20:00,217.80,219.00,217.50,218.50,43000
2023-01-30 09:21:00,218.50,218.80,217.00,217.20,40000
2023-01-30 09:22:00,217.20,217.50,216.00,216.30,42500
2023-01-30 09:23:00,216.30,217.00,215.50,216.80,44500
2023-01-30 09:24:00,216.80,217.80,216.20,217.50,41500
2023-01-30 09:25:00,217.50,218.00,216.50,216.70,40800
2023-01-30 09:26:00,216.70,217.50,216.00,217.30,42200
2023-01-30 09:27:00,217.30,218.50,217.00,218.00,43800
2023-01-30 09:28:00,218.00,218.30,217.20,217.50,40300
2023-01-30 09:29:00,217.50,217.80,216.50,216.80,41800
2023-01-30 09:30:00,216.80,218.00,216.50,217.70,44000
2023-01-30 09:31:00,217.70,217.90,216.80,217.00,40000
2023-01-30 09:32:00,217.00,217.30,215.50,215.80,42000
2023-01-30 09:33:00,215.80,216.50,215.00,216.30,43000
2023-01-30 09:34:00,216.30,217.20,216.00,217.00,41000
2023-01-30 09:35:00,217.00,217.50,216.20,216.40,40500
2023-01-30 09:36:00,216.40,216.80,215.80,216.60,42600
2023-01-30 09:37:00,216.60,217.50,216.50,217.20,43500
2023-01-30 09:38:00,217.20,217.30,216.20,216.50,40200
2023-01-30 09:39:00,216.50,216.80,215.50,215.80,41300
2023-01-31 09:00:00,215.80,216.20,214.80,215.00,32800
2023-01-3
